"","id","submitted","last_page","seed","started","last_action","org","org_normalized","NFDI_member_Base4NFDI","NFDI_member_BERD.NFDI","NFDI_member_DAPHNE4NFDI","NFDI_member_DataPLANT","NFDI_member_FAIRagro","NFDI_member_FAIRmat","NFDI_member_GHGA","NFDI_member_KonsortSWD","NFDI_member_MaRDI","NFDI_member_NFDI4Biodiversity","NFDI_member_NFDI4BIOIMAGE","NFDI_member_NFDI4Cat","NFDI_member_NFDI4Chem","NFDI_member_NFDI4Culture","NFDI_member_NFDI4DataScience","NFDI_member_NFDI4Earth","NFDI_member_NFDI4Energy","NFDI_member_NFDI4Health","NFDI_member_NFDI4Immuno","NFDI_member_NFDI4Ing","NFDI_member_NFDI.MatWerk","NFDI_member_NFDI4Memory","NFDI_member_NFDI4Microbiota","NFDI_member_NFDI4Objects","NFDI_member_NFDIxCS","NFDI_member_PUNCH4NFDI","NFDI_member_Text","NFDI_member_Other","normalized role","know_jupyter4NFDI","expect_easy_access","expect_persistant_storage","expect_single_entrypoint","expect_easy_FAIR_objects","expect_tech_support","expect_training","expect_X_consortium_collab","expect_dont_know","expect_other","jupyter_use_how","Q50_desc","Q50_other","operation_management_responsibiltiy_in_consortium","IaaS.cloud.cluster_yes","IaaS.cloud.cluster_no","IaaS.cloud.cluster_other","cloud_cluster_bare_metal","cloud_cluster_open_stack","cloud_cluster_kubernetes","cloud_cluster_other","use_jupyterhub_or_similar","use_which_similar","use_which_similar_link","spawner_use","spawner_use_other","willing_to_connect_resources_to_jupyterhub","eligible_users_local","eligible_users_NFDI","eligible_users_external","user_groups_in_NFDI","shared_resources_offer","shared_resources_policies","benefits_from_sharing_less_maintenance","benefits_from_sharing_concentrate_on_hardware","benefits_from_sharing_centrailized_AAI_and_user_mngmt","benefits_from_sharing_enhanced_visibility","benefits_from_sharing_comeptence_network","know_jupyter","group_size","jupyter_nfdi_expected_benefits","have_dedicated_partners","partner","jupyter_purpose_coding_testing_tutorials","jupyter_purpose_heavy_computing_analysis","jupyter_purpose_whenever_possible","jupyter_purpose_workshops_training","jupyter_purpose_other","current_jupyter_use_local","current_jupyter_use_remote","current_jupyter_use_jupyterlite","current_jupyter_use_colab","current_jupyter_use_other","jupyter_provider_who","resource_requirements_concurrenct_session_average","resource_requirements_concurrenct_session_average_comment","resource_requirements_concurrent_session_peak","resource_requirements_concurrent_session_peak_comment","resource_requirements_user_number","resource_requirements_user_number_comment","resource_requirements_gpus_per_session","resource_requirements_gpus_per_session_comment","resource_requirements_cpus_per_session","resource_requirements_cpus_per_session_comment","resource_requirements_ram_per_session","resource_requirements_ram_per_session_comment","resource_requirements_persistent_storage_per_session","resource_requirements_persistent_storage_per_session_comment","env_requirements_lab_extension","env_requirements_lab_extension_comment","env_requirements_software","env_requirements_software_comment","env_requirements_licenses","env_requirements_licenses_comment","env_requirements_custom_images","env_requirements_custom_images_comment","env_requirements_other","external_data_access","write_access_to_shared_data","external_data_sources_link","offer_software_service_through_platform?","which_software_service_offer","know_binder","reproducibility_needed","know_jupyterlite","know_colab","jupyter4NFDI_advantages_over_others","jupyter4NFDI_missing","interest_in_other_service_vscode","interest_in_other_service_rstudio","interest_in_other_service_other","further_contact","user_study_willingness","additional_info","total_time","group_time_general","a8","d13","e5","group_time_final","offer_software_service_through_platform"
"1",95,"2024-12-02 18:49:44",5,1674797625,"2024-12-02 18:34:39","2024-12-02 18:49:44","Bundesanstalt für Materialforschung und -prüfung (BAM), Berlin","Bundesanstalt für Materialforschung und -prüfung (BAM), Berlin","No","No","No","No","No","No","No","No","No","No","No","No","No","No","No","No","No","No","No","Yes","No","No","No","No","No","No","No",NA,"Management and Leadership","Yes","Yes","No","Yes","Yes","No","No","Yes","No",NA,"we would like to provide our simulations to partners that can use the compute environment provided by us via the jupyterhub","User (single-person or, for example, teacher/trainer)",NA,NA,NA,NA,NA,NA,NA,NA,NA,NA,NA,NA,NA,NA,NA,NA,NA,NA,NA,NA,NA,NA,NA,NA,NA,"N/A",NA,NA,NA,NA,NA,"No","No","No","No","when providing our results to others (the actual software is then wrapped into conda packages)","No","No","No","Yes",NA,NA,"Yes","1","Yes","1","Yes","5","Yes","0","Yes","4","Yes","16","Yes","5","No",NA,"Yes","conda with the option to provide own environments","No",NA,"No",NA,NA,"Yes","Yes","external triple store (RDF) and file server to query benchmarks input files and store results","Yes.","providing benchmark results to other users, compute the benchmarks, and provide parameterized simulation tools to others (such that they can run our models on a platform without to install anything themselves)","I know it and potentially need the functionality","Yes","Never heard","I know it but don’t need the functionality","as far as I know, it is difficult to install new conda packages in Colab, and we can't build docker images for binder due to restrictions from our IT (docker is not allowed), flexible allocation of ressoruces (if needed), ",NA,"No","No",NA,"Yes","Yes",NA,905.57,311.03,NA,NA,532.14,62.4,"Yes"
"2",107,"2024-12-05 09:42:06",5,831729854,"2024-12-05 09:39:40","2024-12-05 09:42:06","TU Munich","Technische Universität München","No","No","No","No","No","No","No","No","No","No","No","No","No","No","No","No","No","No","No","Yes","No","No","No","No","No","No","No",NA,"Management and Leadership","Yes","No","No","No","No","No","No","No","Yes",NA,"I do not use Jupyter at the moment","Community or Research Alliance Representative / Consortium Manager",NA,NA,NA,NA,NA,NA,NA,NA,NA,NA,NA,NA,NA,NA,NA,NA,NA,NA,NA,NA,NA,NA,NA,NA,NA,"N/A","Yes","30","not that much as the Jupyter concept is not used in HPC centers due to security concerns. Therefore, we have to develop alternative solutions for HPC TIER-1 access (our task within NFDI).","No",NA,NA,NA,NA,NA,NA,NA,NA,NA,NA,NA,NA,NA,NA,NA,NA,NA,NA,NA,NA,NA,NA,NA,NA,NA,NA,NA,NA,NA,NA,NA,NA,NA,NA,NA,NA,NA,NA,NA,NA,NA,NA,NA,NA,NA,NA,NA,NA,NA,"No",NA,NA,148.29,67.74,NA,71.81,NA,8.74,NA
"3",71,"2024-11-29 12:44:53",5,2100749431,"2024-11-29 12:40:19","2024-11-29 12:44:53","Bochum University of Applied Sciences","Bochum University of Applied Sciences","No","No","No","No","No","No","No","No","No","No","No","No","No","No","No","Yes","No","No","No","No","No","No","No","No","No","No","No",NA,"Management and Leadership","Yes","Yes","No","No","Yes","No","No","Yes","No",NA,"Have not been able to get in yet with my university account :(","User (single-person or, for example, teacher/trainer)",NA,NA,NA,NA,NA,NA,NA,NA,NA,NA,NA,NA,NA,NA,NA,NA,NA,NA,NA,NA,NA,NA,NA,NA,NA,"N/A",NA,NA,NA,NA,NA,"No","No","Yes","Yes",NA,"Yes","Yes","No","Yes",NA,"Bochum University of Applied Sciences","No",NA,"No",NA,"No",NA,"No",NA,"No",NA,"No",NA,"No",NA,"No",NA,"No",NA,"No",NA,"No",NA,NA,"I dont know yet",NA,NA,"No.",NA,"I already use it","Yes","I know it but don’t need the functionality","I already use it","Faster than Binder (esp. starting), more powerful then JupyterLite, more secure/private than Colab",NA,"Yes","Yes",NA,"Yes","Yes",NA,275.39,95.54,NA,NA,149.93,29.92,"No"
"4",155,"2024-12-20 11:31:46",5,1123363176,"2024-12-20 11:25:37","2024-12-20 11:31:46","Fraunhofer FOKUS","Fraunhofer FOKUS","No","No","No","No","No","No","No","No","No","No","No","Yes","No","No","No","No","No","No","No","No","No","No","No","No","No","No","No",NA,"Management and Leadership","Yes","No","No","Yes","No","No","No","No","No",NA,"JupyterHub integrate as one component in the overall architecture of NFDI4Cat. JupyterHub used to write scripts to process and analyze domain-specific data. ","Community or Research Alliance Representative / Consortium Manager",NA,NA,NA,NA,NA,NA,NA,NA,NA,NA,NA,NA,NA,NA,NA,NA,NA,NA,NA,NA,NA,NA,NA,NA,NA,"N/A","Yes","?","Access to JupyterHub instance for research and teaching. ","Yes","Fraunhofer FOKUS / HLRS",NA,NA,NA,NA,NA,NA,NA,NA,NA,NA,NA,NA,NA,NA,NA,NA,NA,NA,NA,NA,NA,NA,NA,NA,NA,NA,NA,NA,NA,NA,NA,NA,NA,NA,NA,NA,NA,NA,NA,NA,NA,NA,NA,NA,NA,NA,NA,NA,"Yes","No",NA,371.91,223.11,NA,99.23,NA,49.57,NA
"5",62,"2024-11-29 08:07:43",5,201446764,"2024-11-29 08:04:08","2024-11-29 08:07:43","GU Frankfurt","GU Frankfurt","No","No","No","No","No","No","No","No","No","No","No","No","No","No","No","Yes","No","No","No","No","No","No","No","No","No","No","No",NA,"Management and Leadership","Yes","Yes","No","Yes","No","No","Yes","Yes","No",NA,NA,"User (single-person or, for example, teacher/trainer)",NA,NA,NA,NA,NA,NA,NA,NA,NA,NA,NA,NA,NA,NA,NA,NA,NA,NA,NA,NA,NA,NA,NA,NA,NA,"N/A",NA,NA,NA,NA,NA,"Yes","Yes","No","Yes",NA,"Yes","No","No","Yes",NA,NA,"No",NA,"No",NA,"No",NA,"No",NA,"No",NA,"No",NA,"No",NA,"No",NA,"No",NA,"No",NA,"No",NA,NA,"I dont know yet",NA,NA,"I dont know yet.",NA,"I know it and potentially need the functionality","Yes","Never heard","I already use it",NA,NA,"Yes","No",NA,"Yes",NA,NA,216.05,91.12,NA,NA,103.26,21.67,"I dont know yet"
"6",145,"2024-12-16 08:55:07",5,663076216,"2024-12-16 08:43:07","2024-12-16 08:55:07","OFFIS","OFFIS","No","No","No","No","No","No","No","No","No","No","No","No","No","No","No","No","Yes","No","No","No","No","No","No","No","No","No","No",NA,"Management and Leadership","Yes","Yes","Yes","Yes","No","No","No","No","No",NA,"Right now I'm not using Jupyter that often. In my experience in the energy domain, jupyter notebooks are used for:
- Analysis / Plotting of results
- Optimization problems and energy system design with packages like https://www.pandapower.org/ or https://pypsa.org/
- Some deep learning applications","User (single-person or, for example, teacher/trainer)",NA,NA,NA,NA,NA,NA,NA,NA,NA,NA,NA,NA,NA,NA,NA,NA,NA,NA,NA,NA,NA,NA,NA,NA,NA,"N/A",NA,NA,NA,NA,NA,"Yes","Yes","No","No",NA,"Yes","No","No","No",NA,NA,"No",NA,"No",NA,"No",NA,"No",NA,"No",NA,"No",NA,"No",NA,"No",NA,"No",NA,"No",NA,"No",NA,NA,"Yes","No",NA,"No.",NA,"I know it and potentially need the functionality","Yes","Never heard","I already use it","1. Use case: Special resources (large GPU, RAM) for selected users, 2. Use case: Tutorials in jupyter integrated in lectures ",NA,"Yes","No",NA,"Yes","No",NA,721.12,458.08,NA,NA,230.78,32.26,"No"
"7",66,"2024-11-29 10:12:38",5,1078462184,"2024-11-29 10:05:47","2024-11-29 10:12:38","Deutsches Rheuma-Forschungszentrum","Deutsches Rheuma-Forschungszentrum","No","No","No","No","No","No","No","No","No","No","No","No","No","No","No","No","No","No","Yes","No","No","No","No","No","No","No","No",NA,"Data Professionals","Yes","No","No","Yes","No","Yes","Yes","Yes","No",NA,"I use Jupyter for coding in Python (Google Colab and Jupyter Notebook run locally on PC).","User (single-person or, for example, teacher/trainer)",NA,NA,NA,NA,NA,NA,NA,NA,NA,NA,NA,NA,NA,NA,NA,NA,NA,NA,NA,NA,NA,NA,NA,NA,NA,"N/A",NA,NA,NA,NA,NA,"No","No","Yes","No",NA,"Yes","No","No","Yes",NA,NA,"No",NA,"No",NA,"No",NA,"No",NA,"No",NA,"No",NA,"No",NA,"No",NA,"No",NA,"No",NA,"No",NA,NA,"I dont know yet",NA,NA,"I dont know yet.",NA,"Never heard","I dont know yet","I know it and potentially need the functionality","I already use it","Safe and easy collaberation within and across NFDI consortia",NA,"No","Yes",NA,"Yes",NA,NA,412.33,210.29,NA,NA,170.24,31.8,"I dont know yet"
"8",121,"2024-12-09 12:33:01",5,2036165956,"2024-12-09 12:29:58","2024-12-09 12:33:01","Helmholtz Center for Environmental Research","Helmholtz Center for Environmental Research (UFZ)","No","No","No","No","No","No","No","Yes","No","No","Yes","No","No","No","No","Yes","No","No","No","No","No","No","Yes","No","No","No","No",NA,"Data Professionals","Yes","Yes","Yes","Yes","No","Yes","Yes","No","No",NA,NA,"Resource Provider",NA,"No.","No","Yes",NA,"No","No","Yes",NA,"No",NA,NA,NA,NA,"No",NA,NA,NA,NA,NA,NA,NA,NA,NA,NA,"N/A",NA,NA,NA,NA,NA,NA,NA,NA,NA,NA,NA,NA,NA,NA,NA,NA,NA,NA,NA,NA,NA,NA,NA,NA,NA,NA,NA,NA,NA,NA,NA,NA,NA,NA,NA,NA,NA,NA,NA,NA,NA,NA,NA,NA,NA,NA,NA,NA,NA,NA,NA,NA,NA,"No",NA,NA,178,109.93,59.9,NA,NA,8.17,NA
"9",129,"2024-12-10 12:56:19",5,276691923,"2024-12-10 11:00:33","2024-12-10 12:56:19","Light Microscopy Core Facility, Imaging Network, University Muenster","Universität Münster","No","No","No","No","No","No","No","No","No","No","Yes","No","No","No","No","No","No","No","No","No","No","No","No","No","No","No","No",NA,"Data Professionals","No","Yes","No","Yes","No","Yes","No","Yes","No","possibility to create/use custom images","utilizing jupyter notebooks for (batch) image analysis on performant hardware 
often needs custom images / python environments due to dependencies. (TensorFlow vs. PyTorch, jpype, etc.)
","User (single-person or, for example, teacher/trainer)",NA,NA,NA,NA,NA,NA,NA,NA,NA,NA,NA,NA,NA,NA,NA,NA,NA,NA,NA,NA,NA,NA,NA,NA,NA,"N/A",NA,NA,NA,NA,NA,"Yes","Yes","No","Yes",NA,"No","Yes","No","No",NA,"University Muenster, soon jupyterhub.nrw","Yes","2-3","Yes","20","Yes","initially maybe 5-10, but if everything works fine and UX is good, this will grow to maybe 40-60 within 1-2 years","Yes","1-2","No",NA,"Yes","4-64","Yes","best would be a mountpoint for S3, or the Uni Münster NFS server, although I am unsure if this is even possible","No",NA,"No",NA,"No",NA,"Yes","Python, TensorFlow, PyTorch, CellProfiler, Cellpose, OMERO, Fiji, napari, StarDist, QuPath",NA,"I dont know yet",NA,NA,"I dont know yet.",NA,"Never heard","I dont know yet","Never heard","I know it and potentially need the functionality","cannot judge this",NA,"Yes","No","MATLAB","Yes","Yes",NA,6947.12,189.23,NA,NA,6727.44,30.45,"I dont know yet"
"10",159,"2025-01-05 15:22:37",5,607230297,"2025-01-05 15:11:24","2025-01-05 15:22:37","University of Wuppertal","Universität Wuppertal","No","No","Yes","No","No","No","No","No","No","No","No","No","No","No","No","No","No","No","No","No","No","No","No","No","No","No","No",NA,"Researchers and Scientists","No","Yes","Yes","Yes","Yes","Yes","Yes","No","No",NA,"On a daily basis for testing and/or finalizing","User (single-person or, for example, teacher/trainer)",NA,NA,NA,NA,NA,NA,NA,NA,NA,NA,NA,NA,NA,NA,NA,NA,NA,NA,NA,NA,NA,NA,NA,NA,NA,"N/A",NA,NA,NA,NA,NA,"Yes","Yes","No","Yes",NA,"Yes","Yes","No","No",NA,"Biender","No",NA,"No",NA,"No",NA,"No",NA,"No",NA,"No",NA,"No",NA,"No",NA,"No",NA,"No",NA,"No",NA,NA,"Yes","Yes",NA,"I dont know yet.",NA,"I already use it","Yes","Never heard","I know it and potentially need the functionality",NA,NA,"Yes","No",NA,"Yes","Yes",NA,673.19,145.53,NA,NA,500.92,26.74,"I dont know yet"
"11",153,NA,2,548242170,"2024-12-18 18:13:17","2024-12-18 18:29:53","Bochum University of Applied Sciences","Bochum University of Applied Sciences","No","No","No","No","No","No","No","No","No","No","No","No","No","No","No","Yes","No","No","No","No","No","No","No","No","No","No","No",NA,"Education and Training","Yes","Yes","Yes","Yes","No","No","No","No","No",NA,"We publish data analysis courses as Jypter notebooks to provide hands-on and active learning opportunities for advanced topics.
","Resource Provider",NA,"Yes, I’m responsible for at least one service.","No","Yes",NA,"No","No","No",NA,"JupyterHub",NA,NA,"Other",NA,"No",NA,NA,NA,NA,NA,NA,NA,NA,NA,NA,"N/A",NA,NA,NA,NA,NA,NA,NA,NA,NA,NA,NA,NA,NA,NA,NA,NA,NA,NA,NA,NA,NA,NA,NA,NA,NA,NA,NA,NA,NA,NA,NA,NA,NA,NA,NA,NA,NA,NA,NA,NA,NA,NA,NA,NA,NA,NA,NA,NA,NA,NA,NA,NA,NA,NA,NA,NA,934.16,619.9,314.26,NA,NA,NA,NA
"12",74,NA,4,332375235,"2024-11-29 13:08:27","2024-11-29 13:20:59","Univerisität Kassel","Univerisität Kassel","No","No","No","No","No","No","No","No","No","No","No","No","No","No","No","No","No","No","No","Yes","No","No","No","No","No","No","No",NA,"Project Participants","Yes","Yes","No","Yes","Yes","Yes","Yes","Yes","No",NA,"for teaching FDM  in the future","User (single-person or, for example, teacher/trainer)",NA,NA,NA,NA,NA,NA,NA,NA,NA,NA,NA,NA,NA,NA,NA,NA,NA,NA,NA,NA,NA,NA,NA,NA,NA,"N/A",NA,NA,NA,NA,NA,"Yes","No","No","Yes",NA,"No","Yes","No","No",NA,"Universität Stuttgart","No",NA,"No",NA,"Yes","30","No",NA,"No",NA,"No",NA,"No",NA,"Yes","3","No",NA,"No",NA,"No",NA,NA,"I dont know yet",NA,NA,"No.",NA,"Never heard","I dont know yet","Never heard","Never heard",NA,NA,"Yes","Yes",NA,NA,NA,NA,753.06,275.12,NA,NA,477.94,NA,"No"
"13",100,"2024-12-03 13:35:54",5,314717415,"2024-12-03 13:22:41","2024-12-03 13:35:54","LMU Munich","LMU Munich","No","No","No","No","No","No","No","No","No","No","No","No","No","No","No","No","No","No","No","No","No","No","No","No","No","Yes","No",NA,"Miscellaneous","No","Yes","No","No","No","No","Yes","No","Yes",NA,"I'm mostly using Jupyter in my university, which is connected to our cluster. I can easily create scripts, look at plots, save the plots and download to my local computer if needed with a ""right clic""","User (single-person or, for example, teacher/trainer)",NA,NA,NA,NA,NA,NA,NA,NA,NA,NA,NA,NA,NA,NA,NA,NA,NA,NA,NA,NA,NA,NA,NA,NA,NA,"N/A",NA,NA,NA,NA,NA,"Yes","Yes","Yes","No",NA,"No","Yes","No","No",NA,"The Physik department at LMU","Yes","2","Yes","2","Yes","2","Yes","0","Yes","2","Yes","20","Yes","4 TB","No",NA,"No",NA,"No",NA,"No",NA,NA,"I dont know yet",NA,NA,"I dont know yet.",NA,"Never heard","I dont know yet","I already use it","I know it and potentially need the functionality","Easy connections to PUNCH4NFDI tools and data",NA,"Yes","No",NA,"Yes","Yes",NA,793.66,186.49,NA,NA,577.04,30.13,"I dont know yet"
"14",54,"2024-11-28 16:55:12",5,1129810416,"2024-11-28 16:49:28","2024-11-28 16:55:12","Uni Bonn","Universität Bonn","No","No","No","No","No","No","No","No","No","No","No","No","No","No","No","No","No","No","No","No","No","No","No","No","No","Yes","No",NA,"IT and Infrastructure","Yes","No","No","No","No","No","No","No","No","A frontend to select which JupyterHub resource to use. ","For quick prototyping and interactive analyses. ","Resource Provider",NA,"No.","Yes","No",NA,"Yes","No","No","libvirt / KVM, HTCondor with containers","JupyterHub",NA,"No: in development / internal","Other","BatchSpawner extended with public code for safe use with federated computing infrastructures. ","No",NA,NA,NA,NA,NA,NA,NA,NA,NA,NA,"N/A",NA,NA,NA,NA,NA,NA,NA,NA,NA,NA,NA,NA,NA,NA,NA,NA,NA,NA,NA,NA,NA,NA,NA,NA,NA,NA,NA,NA,NA,NA,NA,NA,NA,NA,NA,NA,NA,NA,NA,NA,NA,NA,NA,NA,NA,NA,NA,NA,NA,NA,NA,NA,NA,"Yes","Yes","No questions concerning the use of federated compute infrastructures which is neglected in Jupyter4NFDI for now (just a frontend for individual resources). ",344.6,124.87,140.52,NA,NA,79.21,NA
"15",57,"2024-11-28 17:06:05",5,1695398917,"2024-11-28 16:51:41","2024-11-28 17:06:05","Universität Münster","Universität Münster","No","No","No","No","No","No","No","No","No","No","Yes","No","No","No","No","No","No","No","No","No","No","No","No","No","No","Yes","No",NA,"IT and Infrastructure","Yes","No","No","Yes","No","No","No","No","No",NA,"Providing JupyterLab environments via JupyterHub to researchers, students and lecturers.","Resource Provider",NA,"Yes, I’m responsible for at least one infrastructure and one service.","Yes","No",NA,"Yes","Yes","Yes",NA,"JupyterHub",NA,"https://jupyterhub.uni-muenster.de","KubeSpawner",NA,"No",NA,NA,NA,NA,NA,NA,NA,NA,NA,NA,"N/A",NA,NA,NA,NA,NA,NA,NA,NA,NA,NA,NA,NA,NA,NA,NA,NA,NA,NA,NA,NA,NA,NA,NA,NA,NA,NA,NA,NA,NA,NA,NA,NA,NA,NA,NA,NA,NA,NA,NA,NA,NA,NA,NA,NA,NA,NA,NA,NA,NA,NA,NA,NA,NA,"Yes","No",NA,865.6,683.53,104.7,NA,NA,77.37,NA
"16",158,"2024-12-30 15:44:05",5,1143433796,"2024-12-30 15:32:44","2024-12-30 15:44:05","FIZ Karlsruhe","FIZ Karlsruhe","Yes","No","No","No","No","No","No","No","Yes","No","No","No","No","No","No","No","No","No","No","No","No","No","No","No","No","No","No",NA,"Miscellaneous","Yes","No","No","No","No","No","No","No","No","enhanced reproducibility","- quick prototyping
- education
- reproducibility assessment
- knowledge graph exploration","User (single-person or, for example, teacher/trainer)",NA,NA,NA,NA,NA,NA,NA,NA,NA,NA,NA,NA,NA,NA,NA,NA,NA,NA,NA,NA,NA,NA,NA,NA,NA,"N/A",NA,NA,NA,NA,NA,"Yes","Yes","No","Yes",NA,"Yes","Yes","No","Yes",NA,"Wikimedia Foundation","Yes","2","Yes","128","Yes","10","Yes","1","Yes","16","Yes","64","Yes","1TB","No",NA,"No",NA,"Yes","OSI-approved","No",NA,NA,"Yes","Yes","This varies a lot.","I dont know yet.",NA,"I already use it","Yes","I know it and potentially need the functionality","I already use it","lower maintenance overhead on my end","A good collection of examples showcasing what Jupyter/ JupyterHub / JupyterLite / Jupyter4NFDI can do","Yes","Yes",NA,"Yes","Yes",NA,681.39,167.56,NA,NA,472.08,41.75,"I dont know yet"
"17",59,NA,3,299772257,"2024-11-28 18:12:31","2024-11-28 18:30:43","German Center for Astrophysics (DZA)","German Center for Astrophysics (DZA)","No","No","No","No","No","No","No","No","No","No","No","No","No","No","No","No","No","No","No","No","No","No","No","No","No","Yes","No",NA,"Management and Leadership","No","No","No","No","No","No","No","Yes","No",NA,"Within the TaskArea ""Data Irreversibility"" of PUNCH4NFDI, the WP ""Scaling Workflows"" develops a ""Machine Learning-based Pipeline for Pulsar Analysis (ML-PPA)"". ML-PPA consists of a few pipelines that are being developed in Python/Jupypter.  Time-critical parts of the Python code are transferred to C++. ML-PPA generates digital twins, and is able to run on astronomical data. From the ML-PPA repository, a (Singularity) container can be build, transported to a remote data center, where it is able to analyze astronomical data - interactively. ","Community or Research Alliance Representative / Consortium Manager",NA,NA,NA,NA,NA,NA,NA,NA,NA,NA,NA,NA,NA,NA,NA,NA,NA,NA,NA,NA,NA,NA,NA,NA,NA,"N/A","Yes","9",NA,"Yes",NA,NA,NA,NA,NA,NA,NA,NA,NA,NA,NA,NA,NA,NA,NA,NA,NA,NA,NA,NA,NA,NA,NA,NA,NA,NA,NA,NA,NA,NA,NA,NA,NA,NA,NA,NA,NA,NA,NA,NA,NA,NA,NA,NA,NA,NA,NA,NA,NA,NA,NA,NA,1066.95,913.14,NA,153.81,NA,NA,NA
"18",120,"2024-12-09 13:15:09",5,1590122830,"2024-12-09 12:14:19","2024-12-09 13:15:09","HCDC Helmholtz Coastal Data Center (Hereon)","Helmholtz-Zentrum Hereon","No","No","No","No","No","No","No","No","No","No","No","No","No","No","No","Yes","No","No","No","No","No","No","No","No","No","No","No",NA,"IT and Infrastructure","No","Yes","No","No","Yes","No","Yes","No","No",NA,"We are using Jupyter for processing of geospatial and temporal data. Both locally, and as a hosted service in our geodata infrastructure (""ArcGIS Notebookserver"").","Resource Provider",NA,"Yes, I’m responsible for at least one infrastructure and one service.","No","Yes",NA,"Yes","No","Yes",NA,"Similar service","ArcGIS Notebookserver","No, it is for internal use only.",NA,NA,"No",NA,NA,NA,NA,NA,NA,NA,NA,NA,NA,"N/A",NA,NA,NA,NA,NA,NA,NA,NA,NA,NA,NA,NA,NA,NA,NA,NA,NA,NA,NA,NA,NA,NA,NA,NA,NA,NA,NA,NA,NA,NA,NA,NA,NA,NA,NA,NA,NA,NA,NA,NA,NA,NA,NA,NA,NA,NA,NA,NA,NA,NA,NA,NA,NA,"Yes",NA,NA,3651.55,3489.15,104.42,NA,NA,57.98,NA
"19",142,"2024-12-13 16:35:46",5,190152201,"2024-12-13 16:16:02","2024-12-13 16:35:46","JCNS-4 @ MLZ, Forschungszentrum Jülich GmbH","Forschungszentrum Jülich","No","No","Yes","No","No","No","No","No","No","No","No","No","No","No","No","No","No","No","No","No","No","No","No","No","No","No","No",NA,"Management and Leadership","Yes","Yes","No","Yes","Yes","Yes","Yes","Yes","No","Federation across different institutes (e.g. federated storage)","We are hosting our own jupyterhub instance on kubernetes / red hat OpenShift to facilitate data analysis for our users at MLZ","Resource Provider",NA,"Yes, I’m responsible for at least one infrastructure and one service.","Yes","No",NA,"Yes","No","Yes",NA,"JupyterHub",NA,"currently internal","KubeSpawner",NA,"Yes, but only for a specified group of users","Yes","Yes","Yes","Photon and Neutron community","tbd.","https://mlz-garching.de/englisch/user-office/terms-of-reference.html","No","No","Yes","Yes","No",NA,NA,NA,NA,NA,NA,NA,NA,NA,NA,NA,NA,NA,NA,NA,NA,NA,NA,NA,NA,NA,NA,NA,NA,NA,NA,NA,NA,NA,NA,NA,NA,NA,NA,NA,NA,NA,NA,NA,NA,NA,NA,NA,NA,NA,NA,NA,NA,NA,NA,NA,NA,NA,"Yes","Yes","At a quick glimpse on the current hub at https://hub.nfdi-jupyter.de/hub/home there are no kernels in the default image besides a remote access tool.",1185.31,666.38,407.71,NA,NA,111.22,NA
"20",116,"2024-12-06 00:51:40",5,724656323,"2024-12-06 00:41:11","2024-12-06 00:51:40","Ulm University","Universität Ulm","No","No","No","No","No","No","No","No","No","No","No","No","Yes","No","No","No","No","No","No","No","No","No","No","No","No","No","No",NA,"Project Participants","Yes","No","No","Yes","Yes","No","No","Yes","No",NA,"Data evaluation, Teaching, Documentation","User (single-person or, for example, teacher/trainer)",NA,NA,NA,NA,NA,NA,NA,NA,NA,NA,NA,NA,NA,NA,NA,NA,NA,NA,NA,NA,NA,NA,NA,NA,NA,"N/A",NA,NA,NA,NA,NA,"Yes","Yes","Yes","Yes",NA,"Yes","No","No","No",NA,NA,"No",NA,"No",NA,"No",NA,"No",NA,"No",NA,"No",NA,"No",NA,"No",NA,"No",NA,"No",NA,"No",NA,NA,"Yes","I dont know yet","https://github.com/echemdb/electrochemistry-data","Yes.","Public training courses on Python usage and data evaluation","I already use it","I dont know yet","I know it and potentially need the functionality","I already use it",NA,NA,"Yes","No",NA,"Yes",NA,NA,630.52,174.24,NA,NA,395.47,60.81,"Yes"
"21",77,NA,3,1978168800,"2024-12-01 19:26:14","2024-12-01 19:28:07","DIW Berlin/SOEP","DIW Berlin","No","No","No","No","No","No","No","Yes","No","No","No","No","No","No","No","No","No","No","No","No","No","No","No","No","No","No","No",NA,"Project Participants","No","Yes","Yes","No","No","No","No","No","No",NA,"I tried Jupyter in one Python Course","User (single-person or, for example, teacher/trainer)",NA,NA,NA,NA,NA,NA,NA,NA,NA,NA,NA,NA,NA,NA,NA,NA,NA,NA,NA,NA,NA,NA,NA,NA,NA,"N/A",NA,NA,NA,NA,NA,NA,NA,NA,NA,NA,NA,NA,NA,NA,NA,NA,NA,NA,NA,NA,NA,NA,NA,NA,NA,NA,NA,NA,NA,NA,NA,NA,NA,NA,NA,NA,NA,NA,NA,NA,NA,NA,NA,NA,NA,NA,NA,NA,NA,NA,NA,NA,NA,NA,NA,NA,112.79,112.79,NA,NA,NA,NA,NA
"22",147,"2024-12-16 11:48:08",5,1933768964,"2024-12-16 11:37:31","2024-12-16 11:48:08","RWTH Aachen University","RWTH Aachen","No","No","No","No","No","No","No","No","No","No","No","Yes","No","No","No","No","No","No","No","No","No","No","No","No","No","No","No",NA,"Management and Leadership","Yes","Yes","No","Yes","No","No","No","Yes","No","A teaching instance.","I am using Jupyter for my on research and teach Ph.D. students and University students how to use Python in their research.","User (single-person or, for example, teacher/trainer)",NA,NA,NA,NA,NA,NA,NA,NA,NA,NA,NA,NA,NA,NA,NA,NA,NA,NA,NA,NA,NA,NA,NA,NA,NA,"N/A",NA,NA,NA,NA,NA,"Yes","Yes","Yes","Yes",NA,"Yes","Yes","No","No",NA,"RWTH Aachen University","Yes","100","Yes","300","No",NA,"No",NA,"No",NA,"No",NA,"No",NA,"No",NA,"No",NA,"No",NA,"No",NA,"I do not have any too specialized needs as I try to make use of basic packages (numpy, matplotlib, scipy) where ever possible.","I dont know yet",NA,NA,"I dont know yet.",NA,"I already use it","Yes","I know it but don’t need the functionality","I know it and potentially need the functionality","A predefined environment for courses/teaching for people from various Universities/Research Institutes.","Some kind of ""package shop"" to make it easy for the user to install additional packages.","Yes","No",NA,"Yes","Yes",NA,637.9,145.54,NA,NA,424.3,68.06,"I dont know yet"
"23",81,"2024-12-02 11:25:02",5,594671867,"2024-12-02 11:17:12","2024-12-02 11:25:02","EMBL","EMBL","No","No","No","No","No","No","No","No","No","No","No","No","No","No","No","No","No","No","No","No","No","No","No","No","No","No","No","de.KCD","Education and Training","Yes","Yes","Yes","No","No","No","Yes","No","Yes",NA,"I personally use Jupyter notebooks for exploratory / preliminary coding","User (single-person or, for example, teacher/trainer)",NA,NA,NA,NA,NA,NA,NA,NA,NA,NA,NA,NA,NA,NA,NA,NA,NA,NA,NA,NA,NA,NA,NA,NA,NA,"N/A",NA,NA,NA,NA,NA,"Yes","No","No","No",NA,"Yes","No","No","No",NA,NA,"No",NA,"No",NA,"No",NA,"No",NA,"No",NA,"No",NA,"No",NA,"No",NA,"No",NA,"No",NA,"No",NA,NA,"Yes","Yes",NA,"I dont know yet.",NA,"Never heard","Yes","Never heard","I know it and potentially need the functionality",NA,NA,"Yes","No",NA,"Yes","Yes","i would like to know if it runs on de.NBI infrastructure?
is de.KCD involved,
where can i find your training materials? 
and are they sustainable as in updated and maintained?
please describe how you make your training material sustainable, (given that the tech is updated so often)",470.76,120.29,NA,NA,154.11,196.36,"I dont know yet"
"24",131,"2024-12-11 14:09:16",5,663347994,"2024-12-11 14:05:39","2024-12-11 14:09:16","Technical University of Berlin","Technische Universität Berlin","No","No","No","No","No","No","No","No","No","No","No","Yes","No","No","No","No","No","No","No","No","No","No","No","No","No","No","No",NA,"Data Professionals","No","Yes","Yes","No","Yes","No","Yes","No","No",NA,"As a post-doc (and earlier PhD student) I use jupyter regularly for data analysis, and sharing (as well as discussing) analysis results with colleagues.
Additionally, jupyter helps to change input variables during a meeting and discuss respective results.","Community or Research Alliance Representative / Consortium Manager",NA,NA,NA,NA,NA,NA,NA,NA,NA,NA,NA,NA,NA,NA,NA,NA,NA,NA,NA,NA,NA,NA,NA,NA,NA,"N/A","Yes","10-15","possibility to integrate and share own tools in a FAIR manner.
use existing tools from community and apply these tools to own data","No",NA,NA,NA,NA,NA,NA,NA,NA,NA,NA,NA,NA,NA,NA,NA,NA,NA,NA,NA,NA,NA,NA,NA,NA,NA,NA,NA,NA,NA,NA,NA,NA,NA,NA,NA,NA,NA,NA,NA,NA,NA,NA,NA,NA,NA,NA,NA,NA,NA,"Yes","Yes",NA,217.83,132.61,NA,50.62,NA,34.6,NA
"25",47,NA,4,368842618,"2024-11-28 10:05:01","2024-11-28 10:09:05","FZJ","Forschungszentrum Jülich","No","No","No","No","No","No","No","No","No","Yes","No","No","No","No","No","No","No","No","No","No","No","No","No","No","No","No","No",NA,"Project Participants","No","Yes","No","No","No","No","No","No","No",NA,"don't know","User (single-person or, for example, teacher/trainer)",NA,NA,NA,NA,NA,NA,NA,NA,NA,NA,NA,NA,NA,NA,NA,NA,NA,NA,NA,NA,NA,NA,NA,NA,NA,"N/A",NA,NA,NA,NA,NA,"Yes","No","No","No",NA,"No","Yes","Yes","No",NA,"don't know","No",NA,"No",NA,"No",NA,"No",NA,"No",NA,"No",NA,"Yes","5","Yes","unsure","No",NA,"No",NA,"No",NA,"no","Yes","Yes","unsure","No.",NA,"Never heard","I dont know yet","Never heard","Never heard","unsure","unsure","No","No","test",NA,NA,NA,245.57,124.22,NA,NA,121.35,NA,"No"
"26",149,"2024-12-16 14:03:57",5,182536394,"2024-12-16 13:50:34","2024-12-16 14:03:57","Leibniz Institute for Agricultural Engineering and Bioeconomy (ATB)","Leibniz Institute for Agricultural Engineering and Bioeconomy (ATB)","No","No","No","No","Yes","No","No","No","No","No","No","No","No","No","No","No","No","No","No","No","No","No","No","No","No","No","No",NA,"Project Participants","Yes","Yes","No","Yes","Yes","No","Yes","No","Yes",NA,"Administration of Jupyter systems for other users at institute.","Resource Provider",NA,"No.","No","Yes",NA,"No","No","No","VMware","JupyterHub",NA,"No, internal-only","DockerSpawner",NA,"No",NA,NA,NA,NA,NA,NA,NA,NA,NA,NA,"N/A",NA,NA,NA,NA,NA,NA,NA,NA,NA,NA,NA,NA,NA,NA,NA,NA,NA,NA,NA,NA,NA,NA,NA,NA,NA,NA,NA,NA,NA,NA,NA,NA,NA,NA,NA,NA,NA,NA,NA,NA,NA,NA,NA,NA,NA,NA,NA,NA,NA,NA,NA,NA,NA,"No",NA,"Sharing of resources with Jupyter4NFDI might change in the future",803.91,187.36,522.03,NA,NA,94.52,NA
"27",123,"2024-12-09 14:56:37",5,1870212527,"2024-12-09 14:48:00","2024-12-09 14:56:37","TUM","Technische Universität München","No","No","No","No","No","No","No","No","No","No","No","No","No","No","No","Yes","No","No","No","No","No","No","No","No","No","No","No",NA,"Project Participants","Yes","Yes","Yes","Yes","Yes","Yes","Yes","Yes","No",NA,"Mainly for teaching as teaching materials.","Resource Provider",NA,"No.","Yes","Yes",NA,"Yes","No","No","Docker, VM","JupyterHub",NA,"not available publicly","LocalSpawner",NA,"No",NA,NA,NA,NA,NA,NA,NA,NA,NA,NA,"N/A",NA,NA,NA,NA,NA,NA,NA,NA,NA,NA,NA,NA,NA,NA,NA,NA,NA,NA,NA,NA,NA,NA,NA,NA,NA,NA,NA,NA,NA,NA,NA,NA,NA,NA,NA,NA,NA,NA,NA,NA,NA,NA,NA,NA,NA,NA,NA,NA,NA,NA,NA,NA,NA,"No",NA,NA,516.67,255.68,220.79,NA,NA,40.2,NA
"28",160,"2025-01-06 10:05:01",5,470880331,"2025-01-06 10:02:12","2025-01-06 10:05:01","Senckenberg Society for Nature Research","Senckenberg Society for Nature Research","No","No","No","No","Yes","No","No","No","No","No","No","No","No","No","No","No","No","No","No","No","No","No","No","No","No","No","No",NA,"Researchers and Scientists","No","Yes","No","No","No","Yes","Yes","No","No",NA,"Prototyping Ideas in Python, Data Science, Plotting, Data Mining","Resource Provider",NA,"No.","No","Yes",NA,"Yes","No","No",NA,"No",NA,NA,NA,NA,"No",NA,NA,NA,NA,NA,NA,NA,NA,NA,NA,"N/A",NA,NA,NA,NA,NA,NA,NA,NA,NA,NA,NA,NA,NA,NA,NA,NA,NA,NA,NA,NA,NA,NA,NA,NA,NA,NA,NA,NA,NA,NA,NA,NA,NA,NA,NA,NA,NA,NA,NA,NA,NA,NA,NA,NA,NA,NA,NA,NA,NA,NA,NA,NA,NA,"No",NA,NA,169.4,128.52,37.2,NA,NA,3.68,NA
"29",68,"2024-11-29 12:13:01",5,1329289458,"2024-11-29 12:07:49","2024-11-29 12:13:01","Uni Koln","Universität zu Köln","No","Yes","No","Yes","No","No","No","No","No","No","No","No","No","No","Yes","No","No","Yes","No","No","No","No","No","No","No","No","No",NA,"Data Professionals","No","Yes","Yes","Yes","Yes","No","No","Yes","No",NA,NA,"User (single-person or, for example, teacher/trainer)",NA,NA,NA,NA,NA,NA,NA,NA,NA,NA,NA,NA,NA,NA,NA,NA,NA,NA,NA,NA,NA,NA,NA,NA,NA,"N/A",NA,NA,NA,NA,NA,"Yes","No","No","No",NA,"Yes","No","No","Yes",NA,NA,"No",NA,"No",NA,"No",NA,"No",NA,"No",NA,"No",NA,"No",NA,"No",NA,"No",NA,"No",NA,"No",NA,NA,"I dont know yet",NA,NA,"Yes.","LLMs","I know it and potentially need the functionality","Yes","Never heard","I already use it",NA,NA,"Yes","No",NA,"No",NA,NA,310.53,81.47,NA,NA,159.14,69.92,"Yes"
"30",146,"2024-12-16 09:48:28",5,954458990,"2024-12-16 09:41:32","2024-12-16 09:48:28","Julius Kuehn Institute","Julius Kuehn Institute","No","No","No","No","Yes","No","No","No","No","No","No","No","No","No","No","No","No","No","No","No","No","No","No","No","No","No","No",NA,"Researchers and Scientists","Yes","Yes","No","No","No","No","No","No","No",NA,"I'm comming from data science domain and erath obeservation analysis. I'm workung with Jupyter in cloud environment since couple of years.","User (single-person or, for example, teacher/trainer)",NA,NA,NA,NA,NA,NA,NA,NA,NA,NA,NA,NA,NA,NA,NA,NA,NA,NA,NA,NA,NA,NA,NA,NA,NA,"N/A",NA,NA,NA,NA,NA,"No","Yes","No","No",NA,"Yes","No","No","No","jupyterlab on remote virtual  machine s in a cloud",NA,"No",NA,"No",NA,"No",NA,"Yes","256","No",NA,"Yes","2000","Yes","100 TB","No",NA,"No",NA,"No",NA,"No",NA,NA,"Yes","No",NA,"No.",NA,"I know it and potentially need the functionality","Yes","Never heard","I know it but don’t need the functionality","allocation of large processing ressources",NA,"Yes","No",NA,"No",NA,NA,417.5,133.61,NA,NA,271.11,12.78,"No"
"31",106,NA,1,1984735256,"2024-12-04 18:38:33","2024-12-04 18:42:57","KIT","KIT","No","No","No","No","No","No","No","No","No","No","No","No","No","No","No","No","No","No","No","Yes","Yes","No","No","No","No","No","No",NA,"Researchers and Scientists","Yes","Yes","No","Yes","No","No","No","No","No",NA,NA,"Resource Provider",NA,NA,NA,NA,NA,NA,NA,NA,NA,NA,NA,NA,NA,NA,NA,NA,NA,NA,NA,NA,NA,NA,NA,NA,NA,"N/A",NA,NA,NA,NA,NA,NA,NA,NA,NA,NA,NA,NA,NA,NA,NA,NA,NA,NA,NA,NA,NA,NA,NA,NA,NA,NA,NA,NA,NA,NA,NA,NA,NA,NA,NA,NA,NA,NA,NA,NA,NA,NA,NA,NA,NA,NA,NA,NA,NA,NA,NA,NA,NA,NA,NA,NA,264.06,264.06,NA,NA,NA,NA,NA
"32",137,"2024-12-13 10:26:12",5,32557898,"2024-12-13 10:14:16","2024-12-13 10:26:12","University of Kaiserslautern","Universität Kaiserslautern","No","No","No","Yes","No","No","No","No","No","No","No","No","No","No","No","No","No","No","No","No","No","No","No","No","No","No","No",NA,"Researchers and Scientists","Yes","Yes","Yes","Yes","No","No","No","No","No",NA,"I use Jupyter Notebooks via Galaxy to process data and plot figures.","User (single-person or, for example, teacher/trainer)",NA,NA,NA,NA,NA,NA,NA,NA,NA,NA,NA,NA,NA,NA,NA,NA,NA,NA,NA,NA,NA,NA,NA,NA,NA,"N/A",NA,NA,NA,NA,NA,"Yes","No","No","Yes",NA,"No","No","No","No","Galaxy",NA,"No",NA,"No",NA,"Yes","1","Yes","1","Yes",NA,"Yes","4","Yes","10","No",NA,"No",NA,"No",NA,"No",NA,NA,"Yes","Yes",NA,"Yes.",NA,"I know it but don’t need the functionality","No","I already use it","I already use it",NA,"Galaxy integration to schedule workflows or import data from Galaxy.","No","No",NA,"No",NA,NA,717.3,216.11,NA,NA,491.65,9.54,"Yes"
"33",85,"2024-12-02 13:50:52",5,458822062,"2024-12-02 13:42:52","2024-12-02 13:50:52","Technische Universität Darmstadt","Technische Universität Darmstadt","No","No","No","No","No","No","No","No","No","No","No","No","No","No","No","No","No","No","No","Yes","No","No","No","No","No","No","No",NA,"Researchers and Scientists","No","Yes","No","Yes","Yes","Yes","Yes","No","No",NA,"rapid scripting of code; teaching; tutorials for supervised student theses; ","User (single-person or, for example, teacher/trainer)",NA,NA,NA,NA,NA,NA,NA,NA,NA,NA,NA,NA,NA,NA,NA,NA,NA,NA,NA,NA,NA,NA,NA,NA,NA,"N/A",NA,NA,NA,NA,NA,"Yes","No","No","Yes",NA,"Yes","Yes","No","No",NA,"Computing Center of Technische Universität Darmstadt","Yes","200","Yes","300","No",NA,"No",NA,"No",NA,"No",NA,"Yes","50","Yes","interconnection with learning management software (Moodle); nb-grader","Yes",NA,"No",NA,"Yes",NA,NA,"Yes","Yes","data repositories: Zenodo; institutional repository","No.",NA,"I know it and potentially need the functionality","Yes","Never heard","I already use it","Institutional control and support; customisation w/r/t requirements for teaching, interface with LMS and institutional data repositories",NA,"Yes","No","JupyterLab","No",NA,NA,481.01,148.51,NA,NA,320.71,11.79,"No"
"34",94,NA,2,75152116,"2024-12-02 17:13:02","2024-12-02 17:16:47","Leibniz Institute of Photonic Technology","Leibniz Institute of Photonic Technology","No","No","No","No","No","No","No","No","No","No","Yes","No","Yes","No","No","No","No","No","No","No","No","No","No","No","No","No","No",NA,"Researchers and Scientists","Yes","Yes","No","No","No","No","No","Yes","No",NA,"We provide a Jupyter based compute cluster consisting of roughly 15 nodes including GPU-Compute capability to our workgroup(s) to perform data analysis on. To do this, we provide various different Jupyter Profiles, all spawned on a bare-metal k8s cluster running in-house.","Resource Provider",NA,"No.","Yes","No",NA,"Yes","No","Yes",NA,"JupyterHub",NA,"https://jhub.photonicdata.science","KubeSpawner",NA,"Yes, but only for a specified group of users","Yes","No","No",NA,NA,NA,"Yes","No","No","No","No",NA,NA,NA,NA,NA,NA,NA,NA,NA,NA,NA,NA,NA,NA,NA,NA,NA,NA,NA,NA,NA,NA,NA,NA,NA,NA,NA,NA,NA,NA,NA,NA,NA,NA,NA,NA,NA,NA,NA,NA,NA,NA,NA,NA,NA,NA,NA,NA,NA,NA,NA,NA,NA,NA,NA,NA,213.42,123.76,89.66,NA,NA,NA,NA
"35",78,"2024-12-02 08:36:49",5,1039586107,"2024-12-02 08:23:12","2024-12-02 08:36:49","FLI","FLI","No","No","No","No","No","No","No","No","No","No","No","No","No","No","No","No","No","No","Yes","No","No","No","No","No","No","No","No",NA,"Management and Leadership","Yes","Yes","No","No","Yes","No","Yes","Yes","No",NA,"Currently I am using Jupyter for the analysis of genomic and transcriptomic data. We are planning to generate analysis workflows for later data analysis od the repository, whereas we have not decided yet whether to use a Jupyter notebook or Nextflow. Likely we will end up with a mix of both. We are also exploring other possibilities where we can use Jupyter in our consortia. ","Other","Consortium member",NA,NA,NA,NA,NA,NA,NA,NA,NA,NA,NA,NA,NA,NA,NA,NA,NA,NA,NA,NA,NA,NA,NA,NA,"N/A",NA,NA,NA,NA,NA,"Yes","No","No","No",NA,"Yes","No","No","No",NA,NA,"No",NA,"No",NA,"No",NA,"No",NA,"No",NA,"No",NA,"No",NA,"No",NA,"Yes","Python (with various python tools getting imported)","No",NA,"No",NA,NA,"Yes","No",NA,"Yes.","Analysis Workflows, open to the public.","Never heard","Yes","I already use it","I know it and potentially need the functionality","A single platform that unifies the NFDI consortias work and knowledge, to possibly collaborate, copy and adapt existing workflows or similar.","The community functionality, where it can be discussed and support can be given if help is needed.","Yes","No",NA,"Yes",NA,NA,817.44,311.54,NA,NA,447.65,58.25,"Yes"
"36",96,"2024-12-02 19:16:24",5,1730383141,"2024-12-02 19:13:59","2024-12-02 19:16:24","IPHT","IPHT","No","No","No","No","No","No","No","No","No","No","Yes","No","Yes","No","No","No","No","No","No","No","No","No","No","No","No","No","No",NA,"IT and Infrastructure","No","Yes","Yes","No","Yes","No","No","No","No",NA,NA,"User (single-person or, for example, teacher/trainer)",NA,NA,NA,NA,NA,NA,NA,NA,NA,NA,NA,NA,NA,NA,NA,NA,NA,NA,NA,NA,NA,NA,NA,NA,NA,"N/A",NA,NA,NA,NA,NA,"Yes","Yes","No","No",NA,"No","Yes","No","No",NA,NA,"No",NA,"No",NA,"No",NA,"Yes","4","Yes","32","Yes","8","Yes","30","No",NA,"No",NA,"No",NA,"No",NA,NA,"Yes","Yes",NA,"Yes.",NA,"Never heard","Yes","Never heard","I know it and potentially need the functionality",NA,NA,"Yes","No",NA,"No",NA,NA,145.78,62.69,NA,NA,74.69,8.4,"Yes"
"37",161,"2025-01-06 11:32:50",5,1060929044,"2025-01-06 11:26:12","2025-01-06 11:32:50","European XFEL","European XFEL","No","No","Yes","No","No","No","No","No","No","No","No","No","No","No","No","No","No","No","No","No","No","No","No","No","No","No","No",NA,"Data Professionals","No","Yes","Yes","Yes","Yes","No","No","No","No",NA,"Analysis of experimental data stored on the cluster","User (single-person or, for example, teacher/trainer)",NA,NA,NA,NA,NA,NA,NA,NA,NA,NA,NA,NA,NA,NA,NA,NA,NA,NA,NA,NA,NA,NA,NA,NA,NA,"N/A",NA,NA,NA,NA,NA,"Yes","Yes","No","No",NA,"No","Yes","No","No",NA,"DESY","No",NA,"No",NA,"No",NA,"No",NA,"Yes","50-100","Yes","100-500","Yes","100","No",NA,"No",NA,"No",NA,"No",NA,NA,"Yes","Yes",NA,"I dont know yet.",NA,"Never heard","Yes","Never heard","I know it and potentially need the functionality",NA,NA,"Yes","No",NA,"No",NA,NA,397.95,152.03,NA,NA,219.41,26.51,"I dont know yet"
"38",125,"2024-12-10 07:49:31",5,882989395,"2024-12-10 07:42:06","2024-12-10 07:49:31","Gesis","Gesis","No","No","No","No","No","No","No","Yes","No","No","No","No","No","No","No","No","No","No","No","No","No","No","No","No","No","No","No",NA,"IT and Infrastructure","No","Yes","Yes","Yes","No","Yes","Yes","Yes","No",NA,"I use Jupyter to do data analysis mainly in Python and R.","Resource Provider",NA,"No.","No","No","I am not sure",NA,NA,NA,NA,"No",NA,NA,NA,NA,"Yes, but only for a specified group of users","Yes","No","No",NA,"not suer",NA,"Yes","Yes","Yes","Yes","Yes",NA,NA,NA,NA,NA,NA,NA,NA,NA,NA,NA,NA,NA,NA,NA,NA,NA,NA,NA,NA,NA,NA,NA,NA,NA,NA,NA,NA,NA,NA,NA,NA,NA,NA,NA,NA,NA,NA,NA,NA,NA,NA,NA,NA,NA,NA,NA,NA,NA,NA,NA,NA,NA,"Yes","Yes","information about security of sharing/accessing local data with Jupyter notebook.",445.02,164.47,138.12,NA,NA,142.43,NA
"39",50,"2024-11-28 16:29:16",5,2026137010,"2024-11-28 16:26:22","2024-11-28 16:29:16","Friedrich-Schiller-Universität, Jena","Friedrich-Schiller-Universität, Jena","No","No","No","No","No","No","No","No","No","No","No","No","Yes","No","No","No","No","No","No","No","No","No","No","No","No","No","No",NA,"Management and Leadership","No","Yes","Yes","Yes","No","No","No","No","No",NA,"We use Jupyter for easily shareable cheminformatics workflows. ","Community or Research Alliance Representative / Consortium Manager",NA,NA,NA,NA,NA,NA,NA,NA,NA,NA,NA,NA,NA,NA,NA,NA,NA,NA,NA,NA,NA,NA,NA,NA,NA,"N/A","Yes","200","No need to set things up for yourself. ","No",NA,NA,NA,NA,NA,NA,NA,NA,NA,NA,NA,NA,NA,NA,NA,NA,NA,NA,NA,NA,NA,NA,NA,NA,NA,NA,NA,NA,NA,NA,NA,NA,NA,NA,NA,NA,NA,NA,NA,NA,NA,NA,NA,NA,NA,NA,NA,NA,NA,"Yes","Yes","No",175.54,115.19,NA,36.55,NA,23.8,NA
"40",70,NA,1,246892305,"2024-11-29 12:39:44","2024-11-29 12:43:46","FST, TU Darmstadt","TU Darmstadt","No","No","No","No","No","No","No","No","No","No","No","No","No","No","No","No","No","No","No","Yes","No","No","No","No","No","No","No",NA,"Miscellaneous","Yes","Yes","No","Yes","Yes","No","No","Yes","No",NA,"We have a bachelor course with about 150 students. They use Jupyterhub for data processing.","Resource Provider",NA,NA,NA,NA,NA,NA,NA,NA,NA,NA,NA,NA,NA,NA,NA,NA,NA,NA,NA,NA,NA,NA,NA,NA,NA,"N/A",NA,NA,NA,NA,NA,NA,NA,NA,NA,NA,NA,NA,NA,NA,NA,NA,NA,NA,NA,NA,NA,NA,NA,NA,NA,NA,NA,NA,NA,NA,NA,NA,NA,NA,NA,NA,NA,NA,NA,NA,NA,NA,NA,NA,NA,NA,NA,NA,NA,NA,NA,NA,NA,NA,NA,NA,242.68,242.68,NA,NA,NA,NA,NA
"41",139,"2024-12-13 10:32:35",5,1732695943,"2024-12-13 10:26:31","2024-12-13 10:32:35","University of Freiburg","Universität Freiburg","No","No","No","No","No","No","No","No","No","No","Yes","No","No","No","No","No","No","No","No","No","No","No","No","No","No","No","No",NA,"Management and Leadership","Yes","Yes","Yes","Yes","Yes","Yes","No","No","No",NA,"We deploy Juypter Notebook and other similar services to our users as an infrastructure.","Resource Provider",NA,"Yes, I’m responsible for at least one infrastructure and one service.","Yes","No",NA,"Yes","Yes","No",NA,"Similar service","Galaxy","https://usegalaxy.eu",NA,NA,"No",NA,NA,NA,NA,NA,NA,NA,NA,NA,NA,"N/A",NA,NA,NA,NA,NA,NA,NA,NA,NA,NA,NA,NA,NA,NA,NA,NA,NA,NA,NA,NA,NA,NA,NA,NA,NA,NA,NA,NA,NA,NA,NA,NA,NA,NA,NA,NA,NA,NA,NA,NA,NA,NA,NA,NA,NA,NA,NA,NA,NA,NA,NA,NA,NA,"Yes",NA,NA,364.94,77.64,84.41,NA,NA,202.89,NA
"42",58,"2024-11-28 17:12:15",5,534250911,"2024-11-28 17:02:46","2024-11-28 17:12:15","AIP","AIP","No","No","No","No","No","No","No","No","No","No","No","No","No","No","No","No","No","No","No","No","No","No","No","No","No","Yes","No",NA,"IT and Infrastructure","Yes","Yes","Yes","Yes","No","Yes","Yes","No","No","gpus tests for prototyping large ml/llm projects",NA,"Other","researcher ",NA,NA,NA,NA,NA,NA,NA,NA,NA,NA,NA,NA,NA,NA,NA,NA,NA,NA,NA,NA,NA,NA,NA,NA,"N/A",NA,NA,NA,NA,NA,"Yes","Yes","No","Yes",NA,"Yes","Yes","No","Yes","cocalc","AIP, selfhosted","Yes","1-48 cores","Yes","1-2","Yes","1-25","Yes","1-4","Yes","1-48","Yes","4-128","Yes","1-5000","Yes","dask, panel","Yes","cuda/gpu/opengl","No",NA,"Yes","hosted at gitlab-p4n.aip.de",NA,"Yes","I dont know yet",NA,"I dont know yet.",NA,"I already use it","I dont know yet","I know it and potentially need the functionality","I already use it",NA,NA,"Yes","No","xpre","Yes","Yes","how to bug report?",568.55,174.6,NA,NA,328.15,65.8,"I dont know yet"
"43",72,"2024-11-29 12:53:10",5,918980398,"2024-11-29 12:45:23","2024-11-29 12:53:10","TU München, Forschungs-Neutronenquelle Hein Maier-Leibnitz (FRM II)/ MLZ","Technische Universität München","No","No","Yes","No","No","No","No","No","No","No","No","No","No","No","No","No","No","No","No","No","No","No","No","No","No","No","No",NA,"Management and Leadership","No","Yes","No","Yes","Yes","Yes","Yes","Yes","No",NA,"Evaluate and plot  neutron scattering data","Resource Provider",NA,"Yes, I’m responsible for at least one service.","Yes","No",NA,"Yes","Yes","Yes",NA,"JupyterHub",NA,NA,"KubeSpawner",NA,"Yes, but only for a specified group of users","Yes","Yes","Yes","Primarily PAN community users","TDB","TDB","Yes","Yes","Yes","Yes","Yes",NA,NA,NA,NA,NA,NA,NA,NA,NA,NA,NA,NA,NA,NA,NA,NA,NA,NA,NA,NA,NA,NA,NA,NA,NA,NA,NA,NA,NA,NA,NA,NA,NA,NA,NA,NA,NA,NA,NA,NA,NA,NA,NA,NA,NA,NA,NA,NA,NA,NA,NA,NA,NA,"Yes","Yes","Infrastructure is currently being  commissioned",456.08,186.41,198.2,NA,NA,71.47,NA
"44",156,"2024-12-20 12:22:53",5,1451128665,"2024-12-20 12:07:04","2024-12-20 12:22:53","European XFEL","European XFEL","No","No","Yes","No","No","No","No","No","No","No","No","No","No","No","No","No","No","No","No","No","No","No","No","No","No","No","No",NA,"Management and Leadership","No","Yes","No","Yes","Yes","Yes","Yes","No","No",NA,"I am using Jupyter (used to do so much more a few years ago) to prototype Python-coded data analysis solutions, employing mostly the Jupyter Hub service at DESY/EuXFEL running on the Maxwell cluster HPC resources (Max-Jhub) ","Community or Research Alliance Representative / Consortium Manager",NA,NA,NA,NA,NA,NA,NA,NA,NA,NA,NA,NA,NA,NA,NA,NA,NA,NA,NA,NA,NA,NA,NA,NA,NA,"N/A","Yes","30","The group I am coordinating consists mainly of software developers resp. software developing scientists, both from the photon-source facility field (close to service providers) and from the academic sector (close to service users). The latter could directly benefit from a Jupyter service to run/test/apply their code/notebooks - in particular if data sharing/transfer is linked to compute resources - the former could get inspiration for the Jupyter services of their facility an/or starting points to connect with / integrate to  the NFDI.","Yes","For Max-Jhub, DESY-IT colleagues are reponsible",NA,NA,NA,NA,NA,NA,NA,NA,NA,NA,NA,NA,NA,NA,NA,NA,NA,NA,NA,NA,NA,NA,NA,NA,NA,NA,NA,NA,NA,NA,NA,NA,NA,NA,NA,NA,NA,NA,NA,NA,NA,NA,NA,NA,NA,NA,NA,NA,"Yes","Yes","Not at this point, but exchange on such information may naturally result from the user study participation",950.42,311.37,NA,509.75,NA,129.3,NA
"45",154,"2024-12-19 16:15:08",5,1287483636,"2024-12-19 16:05:15","2024-12-19 16:15:08","Friedrich-Alexander-Universität","Friedrich-Alexander-Universität","No","No","No","No","No","No","No","No","No","No","No","No","No","No","No","No","Yes","No","No","No","No","No","No","No","No","No","No",NA,"Management and Leadership","Yes","Yes","No","No","No","No","No","No","No",NA,"I am mostly using a local instance of jupyter book for my research. In my research I am working with PyPSA and pandapower, which are verry nice to use in jupyter books.","User (single-person or, for example, teacher/trainer)",NA,NA,NA,NA,NA,NA,NA,NA,NA,NA,NA,NA,NA,NA,NA,NA,NA,NA,NA,NA,NA,NA,NA,NA,NA,"N/A",NA,NA,NA,NA,NA,"Yes","No","No","No",NA,"Yes","No","No","No",NA,NA,"Yes","2","Yes","5","Yes","1","No",NA,"No",NA,"No",NA,"No",NA,"No",NA,"Yes","PyPSA, pandapower","No",NA,"No",NA,NA,"No",NA,NA,"I dont know yet.",NA,"I know it and potentially need the functionality","I dont know yet","Never heard","Never heard",NA,"I tried the service and was not able to install PyPSA or pandapower and i also was not able to find a solution on how to do it. ","No","No",NA,"Yes","Yes",NA,593.11,147.77,NA,NA,299.99,145.35,"I dont know yet"
"46",67,"2024-11-29 10:55:54",5,1961757846,"2024-11-29 10:49:20","2024-11-29 10:55:54","Helmholtz-Zentrum Hereon","Helmholtz-Zentrum Hereon","No","No","Yes","No","No","No","No","No","No","No","No","No","No","No","No","No","No","No","No","No","No","No","No","No","No","No","No",NA,"Management and Leadership","Yes","Yes","Yes","Yes","Yes","Yes","Yes","No","No",NA,"We use Python in Jupyter to evaluate the data we obtain from neutron and X-ray measurements","User (single-person or, for example, teacher/trainer)",NA,NA,NA,NA,NA,NA,NA,NA,NA,NA,NA,NA,NA,NA,NA,NA,NA,NA,NA,NA,NA,NA,NA,NA,NA,"N/A",NA,NA,NA,NA,NA,"Yes","Yes","Yes","Yes",NA,"Yes","No","No","No",NA,NA,"Yes","2","Yes","10","Yes","5","Yes","0","Yes","1","Yes","8","Yes","20","No",NA,"No",NA,"No",NA,"No",NA,NA,"Yes","Yes","Raw data from the neutron and X-ray large scale research facilities","I dont know yet.",NA,"I already use it","Yes","Never heard","I know it and potentially need the functionality","Easy / direct access to my research data",NA,"No","No",NA,"Yes","Yes",NA,396.34,137.68,NA,14.79,204.84,39.03,"I dont know yet"
"47",151,"2024-12-17 10:13:57",5,1900432367,"2024-12-17 09:53:17","2024-12-17 10:13:57","Leibniz-Institut für Katalyse","Leibniz-Institut für Katalyse","No","No","No","No","No","No","No","No","No","No","No","Yes","No","No","No","No","No","No","No","No","No","No","No","No","No","No","No",NA,"IT and Infrastructure","Yes","No","No","No","No","Yes","No","No","No","Code contributions to Jupyter","Data analysis; exploring new tools; documentation","Other","User & local resource provider (in the Institute)",NA,NA,NA,NA,NA,NA,NA,NA,NA,NA,NA,NA,NA,NA,NA,NA,NA,NA,NA,NA,NA,NA,NA,NA,"N/A",NA,NA,NA,NA,NA,"Yes","No","No","No",NA,"Yes","No","No","Yes",NA,NA,"Yes","15","Yes","30","Yes","200","No",NA,"No",NA,"No",NA,"No",NA,"No",NA,"No",NA,"No",NA,"No",NA,"Data for institute-internal jupyterhub. For NFDI jupyterhub the numebr of users will be small (<5) and but may peak during trainings (to ~20).","Yes","No",NA,"I dont know yet.",NA,"I know it but don’t need the functionality","Yes","I know it and potentially need the functionality","I already use it",NA,NA,"No","No",NA,"No",NA,NA,1240.17,285.5,NA,NA,840.26,114.41,"I dont know yet"
"48",110,"2024-12-05 13:35:47",5,240707819,"2024-12-05 13:30:40","2024-12-05 13:35:47","Uni Leipzig","Universität Leipzig","No","No","No","No","No","Yes","No","No","No","No","No","Yes","Yes","No","No","No","No","No","No","No","No","No","No","No","No","No","No",NA,"Miscellaneous","No","Yes","No","No","No","No","No","No","Yes",NA,"Everywhere for Everything","User (single-person or, for example, teacher/trainer)",NA,NA,NA,NA,NA,NA,NA,NA,NA,NA,NA,NA,NA,NA,NA,NA,NA,NA,NA,NA,NA,NA,NA,NA,NA,"N/A",NA,NA,NA,NA,NA,"Yes","Yes","Yes","Yes",NA,"Yes","No","No","No",NA,NA,"Yes","10","Yes","30","Yes","1","Yes","1","Yes","1","Yes","10","Yes","2000","No",NA,"Yes","All kinds of python packes, also self written ones","No",NA,"No",NA,NA,"Yes","Yes","various HPC data systems","No.",NA,"Never heard","No","I know it but don’t need the functionality","I know it but don’t need the functionality","Free to use, no issues with data security",NA,"Yes","No",NA,"Yes","No",NA,307.12,73.46,NA,NA,206.02,27.64,"No"
"49",98,"2024-12-03 10:06:16",5,2101600015,"2024-12-03 10:02:36","2024-12-03 10:06:16","DAPHNE4NFDI","DAPHNE4NFDI","No","No","Yes","No","No","No","No","No","No","No","No","No","No","No","No","No","No","No","No","No","No","No","No","No","No","No","No",NA,"FALSE","No","Yes","No","No","Yes","No","Yes","No","No",NA,"Post-processing of scientific data","User (single-person or, for example, teacher/trainer)",NA,NA,NA,NA,NA,NA,NA,NA,NA,NA,NA,NA,NA,NA,NA,NA,NA,NA,NA,NA,NA,NA,NA,NA,NA,"N/A",NA,NA,NA,NA,NA,"Yes","No","No","No",NA,"Yes","No","No","No",NA,NA,"No",NA,"No",NA,"No",NA,"No",NA,"No",NA,"No",NA,"No",NA,"No",NA,"No",NA,"No",NA,"No",NA,NA,"Yes","Yes",NA,"No.",NA,"Never heard","Yes","Never heard","I know it but don’t need the functionality",NA,NA,"No","No",NA,"No",NA,NA,220.52,110.37,NA,NA,93.88,16.27,"No"
"50",119,"2024-12-09 12:10:30",5,1882241858,"2024-12-09 12:02:41","2024-12-09 12:10:30","Deutsche Nationalbibliothek","Deutsche Nationalbibliothek","No","No","No","No","No","No","No","No","No","No","No","No","No","No","No","No","No","No","No","No","No","No","No","No","No","No","Yes",NA,"FALSE","No","Yes","Yes","Yes","No","No","Yes","No","No",NA,NA,"Resource Provider",NA,"No.","No","Yes",NA,"No","No","No","BinderHub","No",NA,NA,NA,NA,"No",NA,NA,NA,NA,NA,NA,NA,NA,NA,NA,"N/A",NA,NA,NA,NA,NA,NA,NA,NA,NA,NA,NA,NA,NA,NA,NA,NA,NA,NA,NA,NA,NA,NA,NA,NA,NA,NA,NA,NA,NA,NA,NA,NA,NA,NA,NA,NA,NA,NA,NA,NA,NA,NA,NA,NA,NA,NA,NA,NA,NA,NA,NA,NA,NA,"Yes","Yes",NA,469.8,87.2,327.18,NA,NA,55.42,NA
"51",141,"2024-12-13 14:35:12",5,125938023,"2024-12-13 14:24:03","2024-12-13 14:35:12","Forschungsdatenzentrum der Rentenversicherung (FDZ-RV)","Forschungsdatenzentrum der Rentenversicherung (FDZ-RV)","No","No","No","No","No","No","No","Yes","No","No","No","No","No","No","No","No","No","No","No","No","No","No","No","No","No","No","No",NA,"FALSE","No","Yes","Yes","Yes","No","No","Yes","No","No",NA,"Our institution currently does not use Jupyter. However, wie are considering it due to its many advantages. Jupyter enhances data analysis, collaboration and visualization. It supports multiple programming languages and promotes reproducible research. Adopting it could significantly improve our wokrflows. ","Resource Provider",NA,"Yes, I’m responsible for at least one infrastructure.","No","No","no",NA,NA,NA,NA,"No",NA,NA,NA,NA,"No",NA,NA,NA,NA,NA,NA,NA,NA,NA,NA,"N/A",NA,NA,NA,NA,NA,NA,NA,NA,NA,NA,NA,NA,NA,NA,NA,NA,NA,NA,NA,NA,NA,NA,NA,NA,NA,NA,NA,NA,NA,NA,NA,NA,NA,NA,NA,NA,NA,NA,NA,NA,NA,NA,NA,NA,NA,NA,NA,NA,NA,NA,NA,NA,NA,"Yes","Yes","sure",668.45,446.88,159.3,NA,NA,62.27,NA
"52",90,"2024-12-02 14:27:26",5,20257166,"2024-12-02 14:16:27","2024-12-02 14:27:26","Friedrich-Schiller-University Jena","Friedrich-Schiller-Universität, Jena","No","No","No","No","No","No","No","No","No","No","No","No","Yes","No","No","No","No","No","No","No","No","No","No","No","No","No","No",NA,"FALSE","No","No","No","No","No","No","No","No","Yes",NA,NA,"User (single-person or, for example, teacher/trainer)",NA,NA,NA,NA,NA,NA,NA,NA,NA,NA,NA,NA,NA,NA,NA,NA,NA,NA,NA,NA,NA,NA,NA,NA,NA,"N/A",NA,NA,NA,NA,NA,"Yes","Yes","Yes","No",NA,"Yes","Yes","No","No",NA,"The research department where I am employed","Yes","1","Yes","3","No",NA,"No",NA,"No",NA,"Yes","20","Yes","50","No",NA,"No",NA,"No",NA,"No",NA,NA,"Yes","I dont know yet",NA,"I dont know yet.",NA,"Never heard","Yes","Never heard","I know it and potentially need the functionality",NA,NA,"No","No",NA,"No",NA,NA,660,178.52,NA,NA,402.33,79.15,"I dont know yet"
"53",80,NA,3,784933502,"2024-12-02 11:13:19","2024-12-02 11:15:06","GEOMAR","GEOMAR","No","No","No","No","No","No","No","No","No","No","No","No","No","No","No","Yes","No","No","No","No","No","No","No","No","No","No","No",NA,"FALSE","No","Yes","No","Yes","No","Yes","Yes","No","No",NA,NA,"User (single-person or, for example, teacher/trainer)",NA,NA,NA,NA,NA,NA,NA,NA,NA,NA,NA,NA,NA,NA,NA,NA,NA,NA,NA,NA,NA,NA,NA,NA,NA,"N/A",NA,NA,NA,NA,NA,NA,NA,NA,NA,NA,NA,NA,NA,NA,NA,NA,NA,NA,NA,NA,NA,NA,NA,NA,NA,NA,NA,NA,NA,NA,NA,NA,NA,NA,NA,NA,NA,NA,NA,NA,NA,NA,NA,NA,NA,NA,NA,NA,NA,NA,NA,NA,NA,NA,NA,NA,107.23,107.23,NA,NA,NA,NA,NA
"54",127,NA,3,1498351951,"2024-12-10 10:12:25","2024-12-10 10:21:36","HZDR","HZDR","No","No","Yes","No","No","No","No","No","No","No","No","No","No","No","No","No","No","No","No","No","No","No","No","No","No","No","No",NA,"FALSE","No","Yes","Yes","Yes","No","No","No","No","No",NA,"I use Jupyter in conjunction with Python on may own PC; a local, team-wide analysis computer; and facility-provided analysis clusters (Maxwell@DESY for European XFEL, S3DF@SLAC) to avoid data migration. I know that other kernels are available. I also know that Jupyter can serve as general login hub to other web-based software services, it is not restricted to interactive programming.","User (single-person or, for example, teacher/trainer)",NA,NA,NA,NA,NA,NA,NA,NA,NA,NA,NA,NA,NA,NA,NA,NA,NA,NA,NA,NA,NA,NA,NA,NA,NA,"N/A",NA,NA,NA,NA,NA,NA,NA,NA,NA,NA,NA,NA,NA,NA,NA,NA,NA,NA,NA,NA,NA,NA,NA,NA,NA,NA,NA,NA,NA,NA,NA,NA,NA,NA,NA,NA,NA,NA,NA,NA,NA,NA,NA,NA,NA,NA,NA,NA,NA,NA,NA,NA,NA,NA,NA,NA,551.97,551.97,NA,NA,NA,NA,NA
"55",128,"2024-12-10 10:24:03",5,413079728,"2024-12-10 10:22:07","2024-12-10 10:24:03","Jupyter4NFDI ","Jupyter4NFDI ","No","No","No","No","No","No","No","No","No","No","No","No","Yes","No","No","No","No","No","No","No","No","No","No","No","No","No","No",NA,"FALSE","No","Yes","No","No","No","No","No","No","No",NA,NA,"User (single-person or, for example, teacher/trainer)",NA,NA,NA,NA,NA,NA,NA,NA,NA,NA,NA,NA,NA,NA,NA,NA,NA,NA,NA,NA,NA,NA,NA,NA,NA,"N/A",NA,NA,NA,NA,NA,"Yes","No","No","No",NA,"No","Yes","No","No",NA,NA,"No",NA,"No",NA,"No",NA,"No",NA,"No",NA,"No",NA,"No",NA,"No",NA,"No",NA,"No",NA,"No",NA,NA,"Yes","No",NA,"Yes.",NA,"Never heard","No","Never heard","Never heard",NA,NA,"No","No",NA,"No",NA,NA,116.98,74.66,NA,NA,36.68,5.64,"Yes"
"56",76,"2024-11-30 00:08:09",5,1418563146,"2024-11-30 00:03:54","2024-11-30 00:08:09","KIT","KIT","No","No","No","No","No","No","No","No","No","No","No","No","Yes","No","No","No","No","No","No","No","No","No","No","No","No","No","No",NA,"FALSE","No","No","No","No","No","No","No","No","Yes",NA,"I use Jupyter to develop fitting packages for data analysis. Team members then use the python code to create a python-based app from my input","Community or Research Alliance Representative / Consortium Manager",NA,NA,NA,NA,NA,NA,NA,NA,NA,NA,NA,NA,NA,NA,NA,NA,NA,NA,NA,NA,NA,NA,NA,NA,NA,"N/A","Yes","6","I have no clear idea.
Maybe some service desk where one could email for specific questions that one cannot solve with ChatGPT or other agents","I don't know",NA,NA,NA,NA,NA,NA,NA,NA,NA,NA,NA,NA,NA,NA,NA,NA,NA,NA,NA,NA,NA,NA,NA,NA,NA,NA,NA,NA,NA,NA,NA,NA,NA,NA,NA,NA,NA,NA,NA,NA,NA,NA,NA,NA,NA,NA,NA,NA,NA,"Yes",NA,NA,255.81,128.24,NA,61.99,NA,65.58,NA
"57",115,"2024-12-05 16:38:17",5,1191412504,"2024-12-05 16:30:53","2024-12-05 16:38:17","KIT","KIT","No","No","No","No","No","No","No","No","No","No","No","No","No","No","No","No","No","No","No","Yes","Yes","No","No","No","No","No","No",NA,"FALSE","No","Yes","Yes","Yes","Yes","Yes","Yes","Yes","No",NA,NA,"User (single-person or, for example, teacher/trainer)",NA,NA,NA,NA,NA,NA,NA,NA,NA,NA,NA,NA,NA,NA,NA,NA,NA,NA,NA,NA,NA,NA,NA,NA,NA,"N/A",NA,NA,NA,NA,NA,"No","No","No","No","Didn't use it yet","Yes","Yes","No","Yes",NA,"bwJupyterHub","No",NA,"No",NA,"No",NA,"No",NA,"No",NA,"No",NA,"No",NA,"No",NA,"No",NA,"No",NA,"No",NA,NA,"Yes","Yes",NA,"I dont know yet.",NA,"Never heard","Yes","Never heard","I know it and potentially need the functionality","Digital Sovereignty, GDPR-compliance",NA,"Yes","No",NA,"No",NA,NA,444.76,96.12,195.42,NA,142.25,10.97,"I dont know yet"
"58",65,"2024-11-29 09:46:12",5,1856528207,"2024-11-29 09:43:09","2024-11-29 09:46:12","RPTI Kaiserslautern-Landau","RPTI Kaiserslautern-Landau","No","No","No","No","No","No","No","No","No","No","No","No","Yes","No","No","No","No","No","No","No","No","No","No","No","No","No","No",NA,"FALSE","No","Yes","Yes","Yes","No","Yes","Yes","No","No",NA,"So far not using it. Planned future use for teaching in the context of flow chemistry, lab automation or physical chemistry etc","Community or Research Alliance Representative / Consortium Manager",NA,NA,NA,NA,NA,NA,NA,NA,NA,NA,NA,NA,NA,NA,NA,NA,NA,NA,NA,NA,NA,NA,NA,NA,NA,"N/A","Yes","8","facilitation of knowledge","Yes","Departement of Electrical Engineering at the RPTU",NA,NA,NA,NA,NA,NA,NA,NA,NA,NA,NA,NA,NA,NA,NA,NA,NA,NA,NA,NA,NA,NA,NA,NA,NA,NA,NA,NA,NA,NA,NA,NA,NA,NA,NA,NA,NA,NA,NA,NA,NA,NA,NA,NA,NA,NA,NA,NA,"Yes","Yes",NA,184.58,109.96,NA,41.44,NA,33.18,NA
"59",63,"2024-11-29 09:09:40",5,362115244,"2024-11-29 09:04:27","2024-11-29 09:09:40","RWTH Aachen","RWTH Aachen","No","No","No","No","No","No","No","No","No","No","No","No","Yes","No","No","No","No","No","No","No","No","No","No","No","No","No","No",NA,"FALSE","No","Yes","Yes","Yes","Yes","Yes","Yes","No","No",NA,NA,"User (single-person or, for example, teacher/trainer)",NA,NA,NA,NA,NA,NA,NA,NA,NA,NA,NA,NA,NA,NA,NA,NA,NA,NA,NA,NA,NA,NA,NA,NA,NA,"N/A",NA,NA,NA,NA,NA,"Yes","Yes","No","Yes",NA,"Yes","No","No","Yes",NA,NA,"No",NA,"No",NA,"No",NA,"No",NA,"No",NA,"No",NA,"No",NA,"No",NA,"No",NA,"No",NA,"No",NA,NA,"Yes","I dont know yet",NA,"I dont know yet.",NA,"I know it and potentially need the functionality","Yes","I know it and potentially need the functionality","I already use it","Guidance and options to create FAIR output",NA,"Yes","No",NA,"No",NA,NA,314.26,84.23,NA,NA,199.33,30.7,"I dont know yet"
"60",84,"2024-12-02 13:42:29",5,1987847582,"2024-12-02 13:36:37","2024-12-02 13:42:29","RWTH Aachen University","RWTH Aachen","No","No","No","No","No","No","No","No","No","No","No","No","No","No","No","No","No","No","No","Yes","No","No","No","No","No","No","No",NA,"FALSE","Yes","Yes","Yes","Yes","No","Yes","Yes","Yes","No",NA,"For visualization of data with Plotly","User (single-person or, for example, teacher/trainer)",NA,NA,NA,NA,NA,NA,NA,NA,NA,NA,NA,NA,NA,NA,NA,NA,NA,NA,NA,NA,NA,NA,NA,NA,NA,"N/A",NA,NA,NA,NA,NA,"Yes","No","No","No",NA,"Yes","No","No","No",NA,NA,"No",NA,"No",NA,"No",NA,"No",NA,"No",NA,"No",NA,"No",NA,"No",NA,"No",NA,"No",NA,"No",NA,NA,"Yes","No","local GitLab instance","I dont know yet.",NA,"Never heard","I dont know yet","Never heard","Never heard",NA,NA,"Yes","No",NA,"No",NA,NA,353.27,224.14,NA,NA,102.83,26.3,"I dont know yet"
"61",148,NA,2,2066628471,"2024-12-16 13:36:31","2024-12-16 13:53:55","SUB Göttingen","SUB Göttingen","Yes","No","No","No","No","No","No","No","No","No","No","No","No","No","No","No","No","No","No","No","No","No","No","No","No","No","No",NA,"FALSE","Yes","Yes","Yes","Yes","No","Yes","No","No","No","I clicked on ""Persisten storage"" but would rather expect the data to be stored for a limited time only; or during which the analyses run. I would also expect tutorial on how to get the data into the Hub.","I used to use it to show what can be done analysis-wise with public datasets. Or to quickly analyse my own data.","Community or Research Alliance Representative / Consortium Manager",NA,NA,NA,NA,NA,NA,NA,NA,NA,NA,NA,NA,NA,NA,NA,NA,NA,NA,NA,NA,NA,NA,NA,NA,NA,"N/A",NA,NA,NA,NA,NA,NA,NA,NA,NA,NA,NA,NA,NA,NA,NA,NA,NA,NA,NA,NA,NA,NA,NA,NA,NA,NA,NA,NA,NA,NA,NA,NA,NA,NA,NA,NA,NA,NA,NA,NA,NA,NA,NA,NA,NA,NA,NA,NA,NA,NA,NA,NA,NA,NA,NA,NA,1044.46,1044.46,NA,NA,NA,NA,NA
"62",51,"2024-11-28 16:44:15",5,1435946701,"2024-11-28 16:37:33","2024-11-28 16:44:15","Technische Universität Braunschweig - Abt. Theoretische Chemie","Technische Universität Braunschweig","No","No","No","No","No","No","No","No","No","No","No","No","Yes","No","No","No","No","No","No","No","No","No","No","No","No","No","No",NA,"FALSE","No","No","No","No","No","No","No","No","Yes",NA,"We use Jupyter for workflows in computational chemistry. Mainly for extracting and analysing data from calculations and plotting for publications.","User (single-person or, for example, teacher/trainer)",NA,NA,NA,NA,NA,NA,NA,NA,NA,NA,NA,NA,NA,NA,NA,NA,NA,NA,NA,NA,NA,NA,NA,NA,NA,"N/A",NA,NA,NA,NA,NA,"No","Yes","Yes","Yes",NA,"Yes","Yes","No","No",NA,"self hosted for research, Academic Cloud for teaching/students","Yes","10","No",NA,"No",NA,"No",NA,"Yes","1","No",NA,"Yes","20","No",NA,"No",NA,"No",NA,"No",NA,NA,"Yes","I dont know yet","Import from Chemotion would be nice","No.",NA,"I know it and potentially need the functionality","Yes","Never heard","Never heard",NA,"no idea","Yes","No",NA,"No",NA,NA,402.25,201.64,NA,NA,189.24,11.37,"No"
"63",82,"2024-12-02 12:18:58",5,1292256648,"2024-12-02 12:10:07","2024-12-02 12:18:58","Technische Universität München","Technische Universität München","No","No","No","No","No","No","Yes","No","No","No","No","No","No","No","No","No","No","No","No","No","No","No","No","No","No","No","No",NA,"FALSE","Yes","Yes","Yes","No","No","Yes","No","Yes","No",NA,"We are using Jupyter in our lab to provide users with easy and secure access to our in-house data.","Community or Research Alliance Representative / Consortium Manager",NA,NA,NA,NA,NA,NA,NA,NA,NA,NA,NA,NA,NA,NA,NA,NA,NA,NA,NA,NA,NA,NA,NA,NA,NA,"N/A","Yes","30","Simplified and more secure setup for our in-house Jupyterhub. First-class SLURM support.","No",NA,NA,NA,NA,NA,NA,NA,NA,NA,NA,NA,NA,NA,NA,NA,NA,NA,NA,NA,NA,NA,NA,NA,NA,NA,NA,NA,NA,NA,NA,NA,NA,NA,NA,NA,NA,NA,NA,NA,NA,NA,NA,NA,NA,NA,NA,NA,NA,NA,"Yes",NA,NA,533.27,264.79,NA,216.67,NA,51.81,NA
"64",48,"2024-11-28 16:37:09",5,1042731311,"2024-11-28 16:09:09","2024-11-28 16:37:09","Uni Bielefeld","Universität Bielefeld","Yes","No","No","No","No","No","No","No","No","No","No","No","No","No","No","No","No","No","No","No","No","No","Yes","No","No","No","No",NA,"FALSE","Yes","Yes","Yes","No","Yes","No","No","Yes","No",NA,"To visualize and analyze my research data interactively ","User (single-person or, for example, teacher/trainer)",NA,NA,NA,NA,NA,NA,NA,NA,NA,NA,NA,NA,NA,NA,NA,NA,NA,NA,NA,NA,NA,NA,NA,NA,NA,"N/A",NA,NA,NA,NA,NA,"Yes","No","No","No",NA,"Yes","No","No","No",NA,NA,"Yes","2","Yes","5","Yes","1","Yes","0-1","Yes","2","Yes","6","Yes","50","No",NA,"No",NA,"No",NA,"No",NA,NA,"Yes","Yes","OpenStack Swift (S3)","No.",NA,"Never heard","Yes","Never heard","I know it and potentially need the functionality","unified ressources, secure data storage, easy access through my university","Currently an easy way to collaborate","Yes","No",NA,"No",NA,NA,1670.83,110.53,NA,NA,1548.72,11.58,"No"
"65",157,"2024-12-20 15:29:24",5,776943795,"2024-12-20 14:58:02","2024-12-20 15:29:24","University of Hamburg","Universität Hamburg","No","No","No","No","No","No","No","No","No","No","No","No","No","No","No","Yes","No","No","No","No","No","No","No","No","No","No","No",NA,"FALSE","No","No","No","No","No","No","No","Yes","No","provide computing env for NFDI training materials",NA,"User (single-person or, for example, teacher/trainer)",NA,NA,NA,NA,NA,NA,NA,NA,NA,NA,NA,NA,NA,NA,NA,NA,NA,NA,NA,NA,NA,NA,NA,NA,NA,"N/A",NA,NA,NA,NA,NA,"Yes","Yes","No","Yes",NA,"Yes","No","No","Yes",NA,NA,"No",NA,"No",NA,"No",NA,"No",NA,"No",NA,"No",NA,"No",NA,"No",NA,"No",NA,"No",NA,"No",NA,NA,"Yes","I dont know yet",NA,"Yes.","training service, eventually user support / consulting service","I know it and potentially need the functionality","Yes","Never heard","I already use it","Researchers could publish the datasets and data processing workflow of their research on NFDI infrastructure, and the others in the community could run the workflow to reproduce the research via Jupyter4NFDI","Researchers could publish the datasets and data processing workflows of their research on NFDI infrastructure, and the others in the community could run the workflow to reproduce the research via Jupyter4NFDI. It would be ideal if the documentations of the datasets and the workflows could be attached.","Yes","No",NA,"Yes","Yes",NA,1881.74,597.29,NA,NA,968.34,316.11,"Yes"
"66",102,"2024-12-03 15:39:49",5,1903670342,"2024-12-03 15:03:46","2024-12-03 15:39:49","University of Konstanz","Universität Konstanz","No","No","No","No","No","Yes","No","No","No","No","No","No","Yes","No","No","No","No","No","No","No","No","No","No","No","No","No","No",NA,"FALSE","No","No","No","Yes","Yes","Yes","No","No","No",NA,"Regularly as a teaching environment as well as for code development of research projects.","User (single-person or, for example, teacher/trainer)",NA,NA,NA,NA,NA,NA,NA,NA,NA,NA,NA,NA,NA,NA,NA,NA,NA,NA,NA,NA,NA,NA,NA,NA,NA,"N/A",NA,NA,NA,NA,NA,"Yes","Yes","No","Yes",NA,"Yes","Yes","No","Yes",NA,"bwHPC, SCCKN, Self-Hosted","Yes","2","Yes","20","Yes","20","Yes","1","Yes","8","Yes","16","Yes","60","No",NA,"Yes","Pandas, Matplotlib, Scikit-Learn, Tensorflow","No",NA,"No",NA,"Git","Yes","I dont know yet","Github","I dont know yet.",NA,"Never heard","Yes","I know it and potentially need the functionality","I already use it","Better data autonomy, potentially better integration with other digital services such as ELNs.",NA,"Yes","No",NA,"No",NA,NA,2162.19,197.64,NA,NA,675.98,1288.57,"I dont know yet"
"67",109,"2024-12-05 10:26:29",5,1775751957,"2024-12-05 10:22:06","2024-12-05 10:26:29","Univ Münster ","Universität Münster","No","No","No","No","No","No","No","No","Yes","No","No","No","No","No","No","No","No","No","No","No","No","No","No","No","No","No","No",NA,"FALSE","Yes","Yes","No","Yes","Yes","No","No","No","No",NA,"For all non-heavy computing, on our university Jupiter cluster and a local instance","User (single-person or, for example, teacher/trainer)",NA,NA,NA,NA,NA,NA,NA,NA,NA,NA,NA,NA,NA,NA,NA,NA,NA,NA,NA,NA,NA,NA,NA,NA,NA,"N/A",NA,NA,NA,NA,NA,"Yes","No","Yes","Yes",NA,"Yes","Yes","No","No",NA,"Univ Münster","No",NA,"No",NA,"No",NA,"No",NA,"No",NA,"No",NA,"No",NA,"No",NA,"No",NA,"No",NA,"No",NA,NA,"No",NA,NA,"Yes.",NA,"I already use it","I dont know yet","Never heard","I know it but don’t need the functionality",NA,NA,"No","No",NA,"Yes","Yes",NA,264.44,127.18,NA,NA,93.93,43.33,"Yes"
"68",138,"2024-12-13 10:22:27",5,1270787070,"2024-12-13 10:20:24","2024-12-13 10:22:27","University of Wuppertal","Universität Wuppertal","No","No","Yes","No","No","No","No","No","No","No","No","No","No","No","No","No","No","No","No","No","No","No","No","No","No","No","No",NA,"FALSE","No","No","No","No","No","No","No","No","Yes",NA,NA,"User (single-person or, for example, teacher/trainer)",NA,NA,NA,NA,NA,NA,NA,NA,NA,NA,NA,NA,NA,NA,NA,NA,NA,NA,NA,NA,NA,NA,NA,NA,NA,"N/A",NA,NA,NA,NA,NA,"Yes","Yes","No","No",NA,"Yes","No","No","No",NA,NA,"No",NA,"No",NA,"No",NA,"No",NA,"No",NA,"No",NA,"No",NA,"No",NA,"No",NA,"No",NA,"No",NA,NA,"No",NA,NA,"No.",NA,"Never heard","I dont know yet","Never heard","Never heard",NA,NA,"No","No",NA,"No",NA,NA,124.19,52.4,NA,NA,67.21,4.58,"No"
"69",135,NA,-1,1073649721,"2024-12-13 08:11:57","2024-12-13 08:14:32",NA,NA,"No","No","No","No","No","No","No","No","No","No","No","No","No","No","No","No","No","No","No","No","No","No","No","No","No","No","No",NA,NA,NA,"No","No","No","No","No","No","No","No",NA,NA,NA,NA,NA,NA,NA,NA,NA,NA,NA,NA,NA,NA,NA,NA,NA,NA,NA,NA,NA,NA,NA,NA,NA,NA,NA,NA,"N/A",NA,NA,NA,NA,NA,NA,NA,NA,NA,NA,NA,NA,NA,NA,NA,NA,NA,NA,NA,NA,NA,NA,NA,NA,NA,NA,NA,NA,NA,NA,NA,NA,NA,NA,NA,NA,NA,NA,NA,NA,NA,NA,NA,NA,NA,NA,NA,NA,NA,NA,NA,NA,NA,NA,NA,NA,155.38,155.38,NA,NA,NA,NA,NA
"70",52,NA,0,641530312,"2024-11-28 16:45:30","2024-11-28 16:46:44",NA,NA,"No","No","No","No","No","No","No","No","No","No","No","No","No","No","No","No","No","No","No","No","No","No","No","No","No","No","No",NA,NA,NA,"No","No","No","No","No","No","No","No","Nothing useful. ",NA,NA,NA,NA,NA,NA,NA,NA,NA,NA,NA,NA,NA,NA,NA,NA,NA,NA,NA,NA,NA,NA,NA,NA,NA,NA,NA,"N/A",NA,NA,NA,NA,NA,NA,NA,NA,NA,NA,NA,NA,NA,NA,NA,NA,NA,NA,NA,NA,NA,NA,NA,NA,NA,NA,NA,NA,NA,NA,NA,NA,NA,NA,NA,NA,NA,NA,NA,NA,NA,NA,NA,NA,NA,NA,NA,NA,NA,NA,NA,NA,NA,NA,NA,NA,73.88,73.88,NA,NA,NA,NA,NA
"71",69,NA,0,654933454,"2024-11-29 12:36:53","2024-11-29 12:37:46",NA,NA,"No","No","No","No","No","No","No","No","No","No","No","No","No","No","No","No","No","No","No","No","No","No","No","No","No","No","No",NA,NA,"Yes","No","No","No","No","No","No","No","No",NA,NA,NA,NA,NA,NA,NA,NA,NA,NA,NA,NA,NA,NA,NA,NA,NA,NA,NA,NA,NA,NA,NA,NA,NA,NA,NA,NA,"N/A",NA,NA,NA,NA,NA,NA,NA,NA,NA,NA,NA,NA,NA,NA,NA,NA,NA,NA,NA,NA,NA,NA,NA,NA,NA,NA,NA,NA,NA,NA,NA,NA,NA,NA,NA,NA,NA,NA,NA,NA,NA,NA,NA,NA,NA,NA,NA,NA,NA,NA,NA,NA,NA,NA,NA,NA,38.99,38.99,NA,NA,NA,NA,NA
"72",73,NA,0,1919182177,"2024-11-29 12:52:50","2024-11-29 12:53:15",NA,NA,"No","No","No","No","No","No","No","No","No","No","No","No","No","No","No","No","No","No","No","No","No","No","No","No","No","No","No",NA,NA,NA,"No","No","No","No","No","No","No","No",NA,NA,NA,NA,NA,NA,NA,NA,NA,NA,NA,NA,NA,NA,NA,NA,NA,NA,NA,NA,NA,NA,NA,NA,NA,NA,NA,NA,"N/A",NA,NA,NA,NA,NA,NA,NA,NA,NA,NA,NA,NA,NA,NA,NA,NA,NA,NA,NA,NA,NA,NA,NA,NA,NA,NA,NA,NA,NA,NA,NA,NA,NA,NA,NA,NA,NA,NA,NA,NA,NA,NA,NA,NA,NA,NA,NA,NA,NA,NA,NA,NA,NA,NA,NA,NA,2.91,2.91,NA,NA,NA,NA,NA
"73",114,NA,0,129107800,"2024-12-05 15:35:30","2024-12-05 15:35:40",NA,NA,"No","No","No","No","No","No","No","No","No","No","No","No","No","No","No","No","No","No","No","No","No","No","No","No","No","No","No",NA,NA,NA,"No","No","No","No","No","No","No","No",NA,NA,NA,NA,NA,NA,NA,NA,NA,NA,NA,NA,NA,NA,NA,NA,NA,NA,NA,NA,NA,NA,NA,NA,NA,NA,NA,NA,"N/A",NA,NA,NA,NA,NA,NA,NA,NA,NA,NA,NA,NA,NA,NA,NA,NA,NA,NA,NA,NA,NA,NA,NA,NA,NA,NA,NA,NA,NA,NA,NA,NA,NA,NA,NA,NA,NA,NA,NA,NA,NA,NA,NA,NA,NA,NA,NA,NA,NA,NA,NA,NA,NA,NA,NA,NA,10.88,10.88,NA,NA,NA,NA,NA
"74",134,NA,0,1275954365,"2024-12-13 07:42:32","2024-12-13 07:42:48",NA,NA,"No","No","No","No","No","No","No","No","No","No","No","No","No","No","No","No","No","No","No","No","No","No","No","No","No","No","No",NA,NA,NA,"No","No","No","No","No","No","No","No",NA,NA,NA,NA,NA,NA,NA,NA,NA,NA,NA,NA,NA,NA,NA,NA,NA,NA,NA,NA,NA,NA,NA,NA,NA,NA,NA,NA,"N/A",NA,NA,NA,NA,NA,NA,NA,NA,NA,NA,NA,NA,NA,NA,NA,NA,NA,NA,NA,NA,NA,NA,NA,NA,NA,NA,NA,NA,NA,NA,NA,NA,NA,NA,NA,NA,NA,NA,NA,NA,NA,NA,NA,NA,NA,NA,NA,NA,NA,NA,NA,NA,NA,NA,NA,NA,16.65,16.65,NA,NA,NA,NA,NA
"75",143,NA,0,115422566,"2024-12-16 08:30:14","2024-12-16 08:32:00",NA,NA,"No","No","No","No","No","No","No","No","No","No","No","No","No","No","No","No","No","No","No","No","No","No","No","No","No","No","No",NA,NA,NA,"No","No","No","No","No","No","No","No",NA,NA,NA,NA,NA,NA,NA,NA,NA,NA,NA,NA,NA,NA,NA,NA,NA,NA,NA,NA,NA,NA,NA,NA,NA,NA,NA,NA,"N/A",NA,NA,NA,NA,NA,NA,NA,NA,NA,NA,NA,NA,NA,NA,NA,NA,NA,NA,NA,NA,NA,NA,NA,NA,NA,NA,NA,NA,NA,NA,NA,NA,NA,NA,NA,NA,NA,NA,NA,NA,NA,NA,NA,NA,NA,NA,NA,NA,NA,NA,NA,NA,NA,NA,NA,NA,106.27,106.27,NA,NA,NA,NA,NA
